﻿{
  "Routes": [
    {
      "DownstreamPathTemplate": "/api/values",
      "DownstreamScheme": "http",
      "UpstreamPathTemplate": "/getvalues",
      "UpstreamHttpMethod": [ "Get" ],
      "FileCacheOptions": { "TtlSeconds": 10 },
      "AuthenticationOptions": {
        "AuthenticationProviderKey": "AuthScheme",
        "AllowedScopes": []
      },
      "ServiceName": "valueapi",
      "LoadBalancerOptions": {
        "Type": "LeastConnection"
      }
    },
    {
      "DownstreamPathTemplate": "/api/auth",
      "DownstreamScheme": "http",
      "ServiceName": "auth",
      "UpstreamPathTemplate": "/api/auth",
      "UpstreamHttpMethod": [ "Get" ]
    }
  ],
  "GlobalConfiguration": {
    "RequestIdKey": null,
    "ServiceDiscoveryProvider": {
      "Host": "localhost",
      "Port": 8500,
      "Type": "Consul"
    },
    "RateLimitOptions": {
      "ClientIdHeader": "ClientId",
      "QuotaExceededMessage": "",
      "RateLimitCounterPrefix": "",
      "DisableRateLimitHeaders": false,
      "HttpStatusCode": 428
    },
    "DownstreamScheme": "http"
  }
}